{
 "pval": [ 3.183958, 2.222885, 1.967583, 1.883857, 1.680873,  1.58902, 1.378751, 1.352421, 1.256671, 1.234913, 1.163575, 1.137725, 0.9292973, 0.8326236, 0.8257657, 0.8198741, 0.8157914, 0.7823582, 0.7377388, 0.6857113, 0.6691805, 0.6478754, 0.6036088, 0.6018169, 0.5827276, 0.5708455, 0.5629315, 0.5449419, 0.5286789, 0.5271266, 0.5042615, 0.493725, 0.456528, 0.4516229, 0.4450507, 0.4318922, 0.4281166, 0.4098049, 0.3957199, 0.3948243, 0.3725317, 0.3627305, 0.3558175, 0.3512498, 0.3512498, 0.3360542, 0.3171512, 0.3029538, 0.2875018, 0.2629028, 0.2514709, 0.2514709, 0.2514709, 0.2467464, 0.2159607, 0.1871401, 0.1871401, 0.1797131, 0.1650328, 0.1650328, 0.1650328, 0.1521252, 0.1355305, 0.1065934, 0.09663324, 0.09294891, 0.09272303, 0.08583144, 0.07968358, 0.07743542, 0.07743542, 0.06469935, 0.06107019, 0.05418195, 0.05418195, 0.05242415, 0.04546324, 0.04546324, 0.02538239, 0.02281159, 0.0223907, 0.01475321, 0.01180682, 0.01180682 ],
"enr": [ 1.599752, 4.025198, 1.267925, 1.646669, 1.359878, 1.932087, 1.698145, 1.387076, 1.478652, 1.761051, 1.811321, 1.198668, 1.509467, 1.380072, 1.725105, 6.037918, 1.179818, 1.449065, 1.811375, 1.271112, 1.509434, 1.646633, 1.420656, 1.207565, 1.312577, 1.509434, 1.156173, 1.341742, 1.207559, 1.174024,  1.39334, 1.123312, 1.112223, 1.132097, 1.207547, 1.073393, 1.018404, 1.118118, 1.207584,  1.05662, 1.006299, 1.006306, 1.035054, 1.132075, 1.132075, 1.207584, 1.509457, 0.9791123, 0.9738426, 0.943414, 1.207569, 1.207569, 1.207569, 0.9533494, 0.9288932, 0.8625523, 0.8625523, 0.8327955, 0.8625151, 0.8625151, 0.8625151, 0.7944452, 0.754717, 0.6708708, 0.6708708, 0.6037918, 0.6355663, 0.6469142, 0.7274314, 0.5488775, 0.5488775, 0.5031447, 0.5488926, 0.4644466, 0.4644466, 0.6617039, 0.4312761, 0.4312761, 0.4766671, 0.3354354, 0.4644466, 0.4949025, 0.4792026, 0.4792026 ],
"pathnames": [ "Tryptophan metabolism", "Benzoate degradation via CoA ligation", "Tyrosine metabolism", "Butanoate metabolism", "Urea cycle/amino group metabolism", "Fructose and mannose metabolism", "Porphyrin metabolism", "Arginine and Proline Metabolism", "Valine, leucine and isoleucine degradation", "Vitamin A (retinol) metabolism", "Propanoate metabolism", "Aspartate and asparagine metabolism", "Glycolysis and Gluconeogenesis", "Glutamate metabolism", "Pyruvate Metabolism", "Fatty acid oxidation", "Glycerophospholipid metabolism", "Hexose phosphorylation", "Putative anti-Inflammatory metabolites formation from EPA", "Carnitine shuttle", "Nitrogen metabolism", "Vitamin D3 (cholecalciferol) metabolism", "Squalene and cholesterol biosynthesis", "Ascorbate (Vitamin C) and Aldarate Metabolism", "Selenoamino acid metabolism", "N-Glycan biosynthesis", "Drug metabolism - cytochrome P450", "Vitamin E metabolism", "Beta-Alanine metabolism", "Galactose metabolism", "Vitamin B9 (folate) metabolism", "Prostaglandin formation from arachidonate", "Bile acid biosynthesis", "Arachidonic acid metabolism", "Carbon fixation", "C21-steroid hormone biosynthesis and metabolism", "Glycine, serine, alanine and threonine metabolism", "Glutathione Metabolism", "Ubiquinone Biosynthesis", "De novo fatty acid biosynthesis", "Methionine and cysteine metabolism", "Lysine metabolism", "Vitamin B3 (nicotinate and nicotinamide) metabolism", "Biopterin metabolism", "TCA cycle", "Glycosphingolipid biosynthesis - globoseries", "Mono-unsaturated fatty acid beta-oxidation", "Alanine and Aspartate Metabolism", "Aminosugars metabolism", "Androgen and estrogen biosynthesis and metabolism", "Polyunsaturated fatty acid biosynthesis", "Proteoglycan biosynthesis", "Omega-6 fatty acid metabolism", "Starch and Sucrose Metabolism", "Omega-3 fatty acid metabolism", "Alkaloid biosynthesis II", "Glyoxylate and Dicarboxylate Metabolism", "Leukotriene metabolism", "Glycosphingolipid biosynthesis - ganglioseries", "Parathio degradation", "Nucleotide Sugar Metabolism", "Pentose phosphate pathway", "Hyaluronan Metabolism", "N-Glycan Degradation", "Fatty Acid Metabolism", "D4&E4-neuroprostanes formation", "Phosphatidylinositol phosphate metabolism", "Sialic acid metabolism", "Pyrimidine metabolism", "CoA Catabolism", "Phytanic acid peroxisomal oxidation", "Pentose and Glucuronate Interconversions", "Vitamin B6 (pyridoxine) metabolism", "Chondroitin sulfate degradation", "Vitamin B5 - CoA biosynthesis from pantothenate", "Purine metabolism", "Keratan sulfate degradation", "Heparan sulfate degradation", "Glycosphingolipid metabolism", "Drug metabolism - other enzymes", "Fatty acid activation", "Xenobiotics metabolism", "Linoleate metabolism", "Histidine metabolism" ] 
}
