{
 "pval": [ 2.774613, 2.147392, 1.962892, 1.733087, 1.481934, 1.457336, 1.334466, 1.276036, 1.220974, 1.200398, 1.100223,  1.09346, 1.065284, 1.013856, 0.9894033, 0.9259519, 0.9198427, 0.8242853, 0.7756742, 0.7594008, 0.6920763, 0.6766241, 0.656119, 0.6201327, 0.5986856, 0.581649, 0.5299719, 0.5234727, 0.5223434, 0.4988859, 0.4528162, 0.431857, 0.4053092, 0.3775891, 0.3699995, 0.3575849, 0.3436814, 0.3327152, 0.3254511, 0.3123195, 0.293991, 0.2919277, 0.2896203, 0.2878135, 0.2848996, 0.2824876, 0.2520602, 0.2482361, 0.2411032, 0.2311474, 0.2192796, 0.2112238, 0.2036686, 0.1946759, 0.1867393, 0.1756659, 0.1679192, 0.1675613, 0.1623106, 0.1623106, 0.1590913, 0.1280245, 0.1280245, 0.1101551, 0.0999553, 0.09867248, 0.09867248, 0.09867248, 0.09403691, 0.09126306, 0.09087206, 0.08837371, 0.08074404, 0.07802236, 0.06968276, 0.0692292, 0.03691138, 0.03473243, 0.02910015, 0.0235629, 0.01817686, 0.01719979, 0.01257061, 0.01139646, 0.004825665, 0.004505206 ],
"enr": [ 4.499994, 1.225244,  1.52684, 1.799986, 1.440014, 2.571355, 1.462498, 2.045492, 2.700027, 1.557686,  1.38461, 1.265645, 1.687479, 1.144077, 2.250056, 1.260013,  1.12499, 1.269226, 1.636393, 1.161272, 4.500045, 1.406232, 1.147093, 1.191169, 1.323522,  1.38461,     1.25,    1.125, 1.166667, 1.063656, 1.500038, 1.006572, 1.227295, 1.028568, 0.9843904, 1.038458, 1.124986, 1.058817, 1.022725, 0.9729756, 0.9329382, 1.038458,        1, 0.978263, 0.9545498, 0.9418561, 0.9473734, 0.9642892,        1, 0.8999974, 0.900009, 0.900009, 0.8709663, 0.8692984, 0.8513537, 0.8513744, 0.900009, 0.8289517, 0.8181967, 0.8181967, 0.8540271, 0.7500188, 0.7500188, 0.692305, 0.7297317, 0.6428388, 0.6428388, 0.6428388, 0.6750068, 0.7031261, 0.6428594, 0.7105301, 0.6666667, 0.692305, 0.6428594, 0.7411721, 0.4090983, 0.4736867, 0.3749953, 0.4285684, 0.3214297, 0.5714286, 0.4615367, 0.2812465, 0.310347, 0.2250023 ],
"pathnames": [ "Mono-unsaturated fatty acid beta-oxidation", "Tyrosine metabolism", "Butanoate metabolism", "Fructose and mannose metabolism", "Valine, leucine and isoleucine degradation", "Di-unsaturated fatty acid beta-oxidation", "De novo fatty acid biosynthesis", "Phytanic acid peroxisomal oxidation", "Polyunsaturated fatty acid biosynthesis", "Hexose phosphorylation", "Fatty acid activation", "Histidine metabolism", "Ubiquinone Biosynthesis", "Tryptophan metabolism", "Benzoate degradation via CoA ligation", "Drug metabolism - cytochrome P450", "Urea cycle/amino group metabolism", "Carnitine shuttle", "Putative anti-Inflammatory metabolites formation from EPA", "Methionine and cysteine metabolism", "Fatty acid oxidation", "Nitrogen metabolism", "C21-steroid hormone biosynthesis and metabolism", "Arachidonic acid metabolism", "Vitamin E metabolism", "Omega-3 fatty acid metabolism", "Vitamin B9 (folate) metabolism", "Androgen and estrogen biosynthesis and metabolism", "Fatty Acid Metabolism", "Lysine metabolism", "Lipoate metabolism", "Arginine and Proline Metabolism", "Vitamin D3 (cholecalciferol) metabolism", "Vitamin B3 (nicotinate and nicotinamide) metabolism", "Linoleate metabolism", "Vitamin A (retinol) metabolism", "CoA Catabolism", "Biopterin metabolism", "Vitamin B6 (pyridoxine) metabolism", "Alanine and Aspartate Metabolism", "Glycine, serine, alanine and threonine metabolism", "Vitamin B5 - CoA biosynthesis from pantothenate", "N-Glycan Degradation", "Selenoamino acid metabolism", "Aminosugars metabolism", "Prostaglandin formation from arachidonate", "Squalene and cholesterol biosynthesis", "Alkaloid biosynthesis II", "Vitamin H (biotin) metabolism", "Porphyrin metabolism", "Propanoate metabolism", "Keratan sulfate degradation", "Beta-Alanine metabolism", "Glycerophospholipid metabolism", "Glutamate metabolism", "Purine metabolism", "Fatty acid oxidation, peroxisome", "Bile acid biosynthesis", "Vitamin B1 (thiamin) metabolism", "D4&E4-neuroprostanes formation", "Aspartate and asparagine metabolism", "Prostaglandin formation from dihomo gama-linoleic acid", "Omega-6 fatty acid metabolism", "N-Glycan biosynthesis", "Galactose metabolism", "Vitamin B2 (riboflavin) metabolism", "Parathio degradation", "Saturated fatty acids beta-oxidation", "Carbon fixation", "Leukotriene metabolism", "Glyoxylate and Dicarboxylate Metabolism", "Pentose phosphate pathway", "Glutathione Metabolism", "Ascorbate (Vitamin C) and Aldarate Metabolism", "Glycolysis and Gluconeogenesis", "Pyrimidine metabolism", "Glycosphingolipid biosynthesis - globoseries", "Starch and Sucrose Metabolism", "Pentose and Glucuronate Interconversions", "Drug metabolism - other enzymes", "Pyruvate Metabolism", "Xenobiotics metabolism", "Glycosphingolipid metabolism", "TCA cycle", "Sialic acid metabolism", "Phosphatidylinositol phosphate metabolism" ] 
}
