{
 "pval": [    3.641, 2.099655, 1.742489, 1.551201, 1.349052, 1.143156, 1.095815, 0.9266116, 0.9073846, 0.9008375, 0.8393514, 0.8361829, 0.8309725, 0.826173, 0.7586528, 0.7505815, 0.6756764, 0.6756764, 0.6749156, 0.6096302, 0.5864488, 0.586298, 0.5510774, 0.5108575, 0.4989133, 0.4740616, 0.4522499, 0.4323503, 0.4269775, 0.4129854, 0.4103743, 0.3943825, 0.3943825, 0.3929097, 0.3825488, 0.3706618, 0.3623802, 0.3562612, 0.3386796, 0.3087947, 0.308397, 0.2935127, 0.2873924, 0.2674052, 0.2674052, 0.2612274, 0.2612274, 0.2548471, 0.2377492, 0.2228488, 0.2188624, 0.2188624, 0.2188624, 0.160522, 0.1591477, 0.1564247, 0.1564247, 0.1533908, 0.1533908, 0.1477702, 0.1369449, 0.1359757, 0.129561, 0.1198612, 0.1150122, 0.1150122, 0.1092828, 0.1090037, 0.106266, 0.09711635, 0.08750693, 0.06749072, 0.06233169, 0.04978123, 0.04198112, 0.03152172, 0.01604462, 0.0159545 ],
"enr": [ 7.388116, 2.364206, 1.738375, 3.694035, 3.166327, 1.170403, 1.477607, 2.955214, 7.388253, 1.846978, 1.319296,  2.01491, 1.436575, 1.738375, 1.641767, 1.847063, 1.704933, 1.704933, 1.420777, 1.583197, 1.082734, 1.266517, 1.477614, 1.641767, 1.385233, 1.069311, 1.303781, 1.074633, 1.108217, 1.001753, 1.231325, 1.343274, 1.343274, 1.136622, 1.086484, 1.034325, 1.094541, 1.055431, 1.108197, 0.9983826, 1.136622, 0.9533002, 0.9721196, 0.947185, 0.947185, 1.231345, 1.231345, 0.9636697, 0.8985623, 0.8955157, 1.055442, 1.055442, 1.055442, 0.7987061, 0.7915776, 0.8080715, 0.8080715, 0.7776957, 0.7776957, 0.7776957, 0.738798, 0.757748, 0.8089306, 0.7149666, 0.6716368, 0.6716368, 0.6716368, 0.6926327, 0.7556041, 0.6872616, 0.7207857, 0.5990296, 0.5472705, 0.5095152, 0.5863521, 0.369399, 0.5215124, 0.378874 ],
"pathnames": [ "Mono-unsaturated fatty acid beta-oxidation", "Fructose and mannose metabolism", "C21-steroid hormone biosynthesis and metabolism", "Benzoate degradation via CoA ligation", "Di-unsaturated fatty acid beta-oxidation", "Tyrosine metabolism", "Valine, leucine and isoleucine degradation", "Polyunsaturated fatty acid biosynthesis", "Fatty acid oxidation", "Ubiquinone Biosynthesis", "Butanoate metabolism", "Phytanic acid peroxisomal oxidation", "Androgen and estrogen biosynthesis and metabolism", "Vitamin E metabolism", "N-Glycan Degradation", "CoA Catabolism", "Vitamin B5 - CoA biosynthesis from pantothenate", "Omega-3 fatty acid metabolism", "Hexose phosphorylation", "Alkaloid biosynthesis II", "Urea cycle/amino group metabolism", "Porphyrin metabolism", "Keratan sulfate degradation", "Vitamin H (biotin) metabolism", "Nitrogen metabolism", "Arginine and Proline Metabolism", "Biopterin metabolism", "Lysine metabolism", "De novo fatty acid biosynthesis", "Tryptophan metabolism", "Vitamin B9 (folate) metabolism", "Vitamin D3 (cholecalciferol) metabolism", "Putative anti-Inflammatory metabolites formation from EPA", "Vitamin A (retinol) metabolism", "Arachidonic acid metabolism", "Drug metabolism - cytochrome P450", "Fatty Acid Metabolism", "Vitamin B3 (nicotinate and nicotinamide) metabolism", "Propanoate metabolism", "Alanine and Aspartate Metabolism", "N-Glycan biosynthesis", "Methionine and cysteine metabolism", "Bile acid biosynthesis", "Carnitine shuttle", "Fatty acid activation", "Lipoate metabolism", "Omega-6 fatty acid metabolism", "Selenoamino acid metabolism", "Purine metabolism", "Aminosugars metabolism", "Vitamin B2 (riboflavin) metabolism", "Parathio degradation", "Saturated fatty acids beta-oxidation", "Galactose metabolism", "Glycolysis and Gluconeogenesis", "Linoleate metabolism", "Histidine metabolism", "Squalene and cholesterol biosynthesis", "Starch and Sucrose Metabolism", "Pentose phosphate pathway", "Carbon fixation", "Ascorbate (Vitamin C) and Aldarate Metabolism", "Aspartate and asparagine metabolism", "Beta-Alanine metabolism", "Vitamin B1 (thiamin) metabolism", "Glycosphingolipid biosynthesis - globoseries", "Vitamin B6 (pyridoxine) metabolism", "Leukotriene metabolism", "Glycerophospholipid metabolism", "Prostaglandin formation from arachidonate", "Glycine, serine, alanine and threonine metabolism", "Glutamate metabolism", "Glutathione Metabolism", "Sialic acid metabolism", "Xenobiotics metabolism", "Phosphatidylinositol phosphate metabolism", "Pyrimidine metabolism", "Glycosphingolipid metabolism" ] 
}
