{
 "pval": [ 1.876737, 1.840613, 1.792581, 1.209849, 1.105169, 1.064463, 1.058976, 1.019015, 1.013591, 0.9776954, 0.9455019, 0.8166447, 0.7557229, 0.7161111, 0.6928678, 0.6922901, 0.6483969, 0.6333343, 0.5732448, 0.5703446, 0.5451856, 0.5164698, 0.485811, 0.4641997, 0.4034249, 0.335311, 0.3319311,  0.29707, 0.2136959, 0.205066, 0.2000464, 0.1876416, 0.1869196, 0.176604, 0.1563064, 0.1556595, 0.1491639, 0.1491639, 0.144802, 0.1365701, 0.1033691, 0.09032632, 0.07883916, 0.07544678, 0.07080083, 0.07060151, 0.05984225, 0.05677267, 0.04911936, 0.04822549, 0.04822549, 0.03931997, 0.03765908, 0.03259244, 0.03259244, 0.03145168, 0.02777864, 0.01274052, 0.01056353, 0.006453556, 0.001178536, 0.0002823832 ],
"enr": [ 1.382957, 1.830384, 2.023063, 1.565992, 1.830384,  1.52532, 2.135497, 1.660893, 1.537542, 1.320081, 1.423635, 1.377714, 1.507386, 1.245662, 1.830384, 1.325459, 1.358933, 1.553036, 1.265462, 1.181281, 1.130511, 1.245685, 1.133095, 1.423623,   1.1648, 1.067734,  1.13892, 1.220256, 0.949093, 0.9490818, 0.9342676, 1.067726, 0.9490818, 0.9059495, 0.9023099, 0.8793086, 0.8541898, 0.8541898, 0.8736168, 0.8541898, 0.7536931, 0.800783, 0.7363662, 0.6101281, 0.6743543, 0.7687708, 0.7118198, 0.5338743, 0.5694599, 0.6101281, 0.6101281, 0.5338601, 0.7117944, 0.4270949, 0.4270949, 0.5024621, 0.625013, 0.4067521, 0.5208442,  0.26693, 0.434342, 0.2308616 ],
"pathnames": [ "Tyrosine metabolism", "Fructose and mannose metabolism", "Ubiquinone and other terpenoid-quinone biosynthesis", "Phenylalanine metabolism", "Linoleic acid metabolism", "Porphyrin metabolism", "Nitrogen metabolism", "Phenylalanine, tyrosine and tryptophan biosynthesis", "Arachidonic acid metabolism", "Histidine metabolism", "Valine, leucine and isoleucine degradation", "Biosynthesis of unsaturated fatty acids", "Galactose metabolism", "Drug metabolism - cytochrome P450", "alpha-Linolenic acid metabolism", "Valine, leucine and isoleucine biosynthesis", "Glycerophospholipid metabolism", "Glycerolipid metabolism", "Butanoate metabolism", "Steroid hormone biosynthesis", "Tryptophan metabolism", "Glyoxylate and dicarboxylate metabolism", "D-Amino acid metabolism", "Retinol metabolism", "Vitamin B6 metabolism", "Arginine biosynthesis", "Terpenoid backbone biosynthesis", "Phosphonate and phosphinate metabolism", "Amino sugar and nucleotide sugar metabolism", "Drug metabolism - other enzymes", "Pentose phosphate pathway", "Fatty acid elongation", "Caffeine metabolism", "Lysine degradation", "Arginine and proline metabolism", "Primary bile acid biosynthesis", "Taurine and hypotaurine metabolism", "Starch and sucrose metabolism", "Cysteine and methionine metabolism", "Fatty acid degradation", "Inositol phosphate metabolism", "Glycine, serine and threonine metabolism", "Glutathione metabolism", "Steroid biosynthesis", "Propanoate metabolism", "Alanine, aspartate and glutamate metabolism", "One carbon pool by folate", "Biotin metabolism", "Sphingolipid metabolism", "Glycolysis or Gluconeogenesis", "Nicotinate and nicotinamide metabolism", "Citrate cycle (TCA cycle)", "Purine metabolism", "Lipoic acid metabolism", "Folate biosynthesis", "Ascorbate and aldarate metabolism", "Pantothenate and CoA biosynthesis", "Pentose and glucuronate interconversions", "Metabolism of xenobiotics by cytochrome P450", "Fatty acid biosynthesis", "Pyrimidine metabolism", "beta-Alanine metabolism" ] 
}
