{
 "pval": [ 2.343279, 1.468266, 1.291681, 1.276897, 1.187053, 1.127343, 1.073719, 0.9937051, 0.9741618, 0.9741618, 0.9675424, 0.9654518, 0.9096009, 0.8875291, 0.7897082, 0.7897082, 0.7761927, 0.7721904, 0.6300424, 0.6125924, 0.6019731, 0.5546294, 0.5150457, 0.4907303, 0.4739581, 0.4616022, 0.4341758, 0.4239237, 0.4155331, 0.3801765, 0.3801765, 0.3801765, 0.3632213, 0.3615607, 0.3416833, 0.3221468, 0.3044921, 0.2859973, 0.259219, 0.2504956, 0.2442242, 0.2442242, 0.2386812, 0.2386812, 0.2224644, 0.2073142, 0.2048224, 0.2048224, 0.1931555, 0.1920728, 0.1854261, 0.1706448, 0.1625883, 0.1530756,  0.15223, 0.1517554, 0.1451658, 0.1381133, 0.1380178, 0.1268597, 0.09158469, 0.0878311, 0.08484297, 0.07699963, 0.06563792, 0.05897083, 0.0461437, 0.0461437, 0.03489712, 0.03237715, 0.03203104, 0.02903049, 0.01662182 ],
"enr": [ 6.364292, 1.260239, 1.740644, 1.958225, 1.316752, 1.294405, 2.121453, 1.996606, 2.314279, 2.314279, 8.485363, 1.339854, 1.697159, 2.828574, 1.357704, 1.357704, 1.454687, 2.424478, 1.234282,  1.59109,  1.21225, 1.285711, 1.414294, 1.212239, 1.542853, 1.178578,  1.14671, 1.414327, 1.060713, 1.305483, 1.305483, 1.305483,  1.09493,  1.69713, 1.212268, 0.9983195, 1.414287, 0.9290802, 1.212239, 0.9983029, 0.9428625, 0.9428625, 0.9173681, 0.9173681, 0.893236, 0.870322, 0.893216, 0.893216, 0.8485723, 0.9428625, 0.8485723, 0.8278745, 0.7955449, 0.8027063, 0.7714264, 0.7955344, 0.7714264, 0.7487459, 0.7378985, 0.7071636, 0.6527415, 0.6843315, 0.6061157, 0.5852231, 0.5920313, 0.4714313, 0.4242861, 0.4242861, 0.5387786, 0.5785921, 0.446618, 0.435161, 0.4991514 ],
"pathnames": [ "Mono-unsaturated fatty acid beta-oxidation", "Tyrosine metabolism", "Carnitine shuttle", "Hexose phosphorylation", "Urea cycle/amino group metabolism", "Tryptophan metabolism", "Nitrogen metabolism", "Vitamin E metabolism", "Vitamin D3 (cholecalciferol) metabolism", "Putative anti-Inflammatory metabolites formation from EPA", "Fatty acid oxidation", "Arginine and Proline Metabolism", "Fructose and mannose metabolism", "Benzoate degradation via CoA ligation", "Drug metabolism - cytochrome P450", "Valine, leucine and isoleucine degradation", "Porphyrin metabolism", "Di-unsaturated fatty acid beta-oxidation", "Lysine metabolism", "Ubiquinone Biosynthesis", "Butanoate metabolism", "Aminosugars metabolism", "Vitamin B9 (folate) metabolism", "Vitamin B3 (nicotinate and nicotinamide) metabolism", "Phytanic acid peroxisomal oxidation", "Androgen and estrogen biosynthesis and metabolism", "Alanine and Aspartate Metabolism", "CoA Catabolism", "Linoleate metabolism", "N-Glycan biosynthesis", "Vitamin B5 - CoA biosynthesis from pantothenate", "Omega-3 fatty acid metabolism", "Beta-Alanine metabolism", "Polyunsaturated fatty acid biosynthesis", "Alkaloid biosynthesis II", "C21-steroid hormone biosynthesis and metabolism", "Lipoate metabolism", "Aspartate and asparagine metabolism", "Saturated fatty acids beta-oxidation", "Biopterin metabolism", "Fatty Acid Metabolism", "Glutathione Metabolism", "Galactose metabolism", "Glutamate metabolism", "Bile acid biosynthesis", "Ascorbate (Vitamin C) and Aldarate Metabolism", "Squalene and cholesterol biosynthesis", "Starch and Sucrose Metabolism", "De novo fatty acid biosynthesis", "Vitamin H (biotin) metabolism", "Carbon fixation", "Glycine, serine, alanine and threonine metabolism", "Leukotriene metabolism", "Purine metabolism", "Vitamin B6 (pyridoxine) metabolism", "Histidine metabolism", "Glycosphingolipid biosynthesis - globoseries", "Arachidonic acid metabolism", "Selenoamino acid metabolism", "Pentose and Glucuronate Interconversions", "Fatty acid activation", "Methionine and cysteine metabolism", "Glycolysis and Gluconeogenesis", "Sialic acid metabolism", "Prostaglandin formation from arachidonate", "N-Glycan Degradation", "Propanoate metabolism", "Phosphatidylinositol phosphate metabolism", "Xenobiotics metabolism", "Glycerophospholipid metabolism", "Pentose phosphate pathway", "Glycosphingolipid metabolism", "Pyrimidine metabolism" ] 
}
