{
 "pval": [ 3.030537, 2.443746, 1.679791, 1.332902, 1.210539, 1.120107, 1.100809, 1.075225, 1.005727, 0.9564805, 0.9564805, 0.8763117, 0.8751699, 0.8191862, 0.8177566, 0.8065136, 0.7734001, 0.7585282, 0.7557476, 0.743114, 0.7013215, 0.6798537, 0.6710906, 0.6591595, 0.6319178, 0.6292094, 0.5882625, 0.582628, 0.5458872, 0.5458872, 0.5207559, 0.4874223, 0.4784305, 0.4613886, 0.4587703, 0.451009, 0.4264322, 0.4223244, 0.3914954, 0.3722042, 0.347251, 0.340388, 0.3293182, 0.3229865, 0.3183608, 0.3092725, 0.2723449, 0.2692419, 0.2581711, 0.2285742, 0.2246153, 0.1977121, 0.1961948, 0.184688, 0.163524, 0.1633911, 0.1633911, 0.1633911, 0.1582965, 0.1515399, 0.1491333, 0.1399736, 0.1297834, 0.1297834, 0.1297834, 0.1138535, 0.08397266, 0.07488911, 0.05921465, 0.05921465, 0.05495015, 0.05495015, 0.05028318, 0.04884712, 0.04472125, 0.04278073, 0.04268489, 0.03993374, 0.02979264, 0.02448548, 0.01130284, 0.009638943, 0.009022164 ],
"enr": [ 5.210504, 1.289723,  2.97752, 1.953952, 1.839024, 1.192264, 1.736865, 1.354731, 1.167857, 1.894747, 1.894747, 1.458941, 1.628293, 1.250521, 1.231527, 1.402834,  1.20964,  1.42106, 5.210504, 1.603271, 1.736815, 1.211754, 2.084202, 1.139787, 1.202437, 1.225997, 1.172363, 1.190972, 1.736865, 1.736865,  1.42106, 1.058373, 1.157899, 1.096957, 1.226016, 1.302649, 1.068833, 1.132734, 1.202453, 0.9857767, 1.013157, 1.116528, 1.008488, 0.9531677, 0.9857767, 1.002024, 0.9473734, 0.9244474, 0.9195027, 0.8912656, 0.8932293, 0.8747575, 0.8684325, 0.8449514, 0.8141466, 0.8684325, 0.8684325, 0.8684325, 0.8016353, 0.8289419, 0.7815757, 0.7719325, 0.7443799, 0.7443799, 0.7443799, 0.6947339, 0.6855983, 0.6680205, 0.5484711, 0.5484711, 0.4736867, 0.4736867, 0.5210504, 0.5582746, 0.4342162, 0.6743088, 0.496241, 0.5633009, 0.3721761, 0.578943, 0.3593438, 0.4008123, 0.2605252 ],
"pathnames": [ "Mono-unsaturated fatty acid beta-oxidation", "Tyrosine metabolism", "Di-unsaturated fatty acid beta-oxidation", "Ubiquinone Biosynthesis", "Vitamin E metabolism", "Tryptophan metabolism", "Vitamin B9 (folate) metabolism", "Valine, leucine and isoleucine degradation", "Urea cycle/amino group metabolism", "Putative anti-Inflammatory metabolites formation from EPA", "Phytanic acid peroxisomal oxidation", "Fructose and mannose metabolism", "Nitrogen metabolism", "Drug metabolism - cytochrome P450", "Lysine metabolism", "Hexose phosphorylation", "Butanoate metabolism", "Vitamin B6 (pyridoxine) metabolism", "Fatty acid oxidation", "Omega-3 fatty acid metabolism", "Vitamin H (biotin) metabolism", "Prostaglandin formation from arachidonate", "Polyunsaturated fatty acid biosynthesis", "Histidine metabolism", "Fatty acid activation", "Arachidonic acid metabolism", "De novo fatty acid biosynthesis", "Vitamin B3 (nicotinate and nicotinamide) metabolism", "Lipoate metabolism", "Benzoate degradation via CoA ligation", "Vitamin D3 (cholecalciferol) metabolism", "Linoleate metabolism", "Fatty Acid Metabolism", "Bile acid biosynthesis", "Biopterin metabolism", "CoA Catabolism", "Carnitine shuttle", "Selenoamino acid metabolism", "Vitamin B5 - CoA biosynthesis from pantothenate", "Purine metabolism", "Androgen and estrogen biosynthesis and metabolism", "Alkaloid biosynthesis II", "Beta-Alanine metabolism", "Glycine, serine, alanine and threonine metabolism", "Alanine and Aspartate Metabolism", "Vitamin A (retinol) metabolism", "Aminosugars metabolism", "Methionine and cysteine metabolism", "C21-steroid hormone biosynthesis and metabolism", "Arginine and Proline Metabolism", "Porphyrin metabolism", "Aspartate and asparagine metabolism", "N-Glycan Degradation", "Glutamate metabolism", "Leukotriene metabolism", "C5-Branched dibasic acid metabolism", "Prostaglandin formation from dihomo gama-linoleic acid", "Omega-6 fatty acid metabolism", "N-Glycan biosynthesis", "Glycerophospholipid metabolism", "Propanoate metabolism", "Glutathione Metabolism", "Vitamin B2 (riboflavin) metabolism", "Parathio degradation", "Saturated fatty acids beta-oxidation", "Keratan sulfate degradation", "Pentose phosphate pathway", "Ascorbate (Vitamin C) and Aldarate Metabolism", "Squalene and cholesterol biosynthesis", "Starch and Sucrose Metabolism", "Vitamin B1 (thiamin) metabolism", "Glycosphingolipid biosynthesis - globoseries", "Carbon fixation", "Glycolysis and Gluconeogenesis", "Pentose and Glucuronate Interconversions", "Pyrimidine metabolism", "Drug metabolism - other enzymes", "Galactose metabolism", "Glyoxylate and Dicarboxylate Metabolism", "Xenobiotics metabolism", "Sialic acid metabolism", "Glycosphingolipid metabolism", "Phosphatidylinositol phosphate metabolism" ] 
}
