{
 "pval": [ 4.762783, 3.513017,  2.08498, 1.822752, 1.577985, 1.484921, 1.366794, 0.9950771, 0.8588012, 0.8389016, 0.7939841, 0.734899, 0.5263233, 0.5184427, 0.4988312, 0.4022609, 0.3629207, 0.3467489, 0.3324723, 0.2816561, 0.2774319, 0.2526814, 0.2431206, 0.2431206, 0.2154041, 0.2073562, 0.2073562, 0.183593, 0.1719269, 0.1718494, 0.1534464, 0.1518602, 0.1436518, 0.139662, 0.1341738, 0.1328331, 0.1173104, 0.1090483, 0.0881502, 0.07884957, 0.07519368, 0.06314459, 0.05875698, 0.0515528, 0.05013204, 0.04765322, 0.03594318, 0.03139098, 0.01343875, 0.01269133, 0.001156762 ],
"enr": [ 3.705076, 3.067656, 3.051261, 3.087563, 2.095777, 1.839385, 1.921137, 1.788642, 1.921137, 1.729027, 1.820002, 2.470051, 1.152643, 1.525631, 1.729057, 1.235025, 1.235025, 1.152705, 1.178875, 1.152671, 1.047889, 1.080672, 1.235025, 1.235025, 0.960584, 1.080649, 1.080649, 0.9100009, 0.8821609, 0.8899399, 0.8645284, 0.843437, 0.8523385, 0.8104822, 0.7859164, 0.7859164, 0.7628153, 0.7204351, 0.7204351,  0.72043, 0.6916108, 0.6325778, 0.5085435, 0.4802843, 0.628743, 0.5403215, 0.5861149, 0.4802843, 0.3929582, 0.298107, 0.1801088 ],
"pathnames": [ "Fructose and mannose metabolism", "Biosynthesis of unsaturated fatty acids", "Galactose metabolism", "Linoleic acid metabolism", "Valine, leucine and isoleucine degradation", "Steroid hormone biosynthesis", "Amino sugar and nucleotide sugar metabolism", "Valine, leucine and isoleucine biosynthesis", "Phenylalanine, tyrosine and tryptophan biosynthesis", "Arachidonic acid metabolism", "Ubiquinone and other terpenoid-quinone biosynthesis", "alpha-Linolenic acid metabolism", "Tyrosine metabolism", "Inositol phosphate metabolism", "Starch and sucrose metabolism", "Porphyrin metabolism", "Glycolysis or Gluconeogenesis", "Phenylalanine metabolism", "Vitamin B6 metabolism", "Terpenoid backbone biosynthesis", "Lysine degradation", "Citrate cycle (TCA cycle)", "Steroid biosynthesis", "Phosphonate and phosphinate metabolism", "Butanoate metabolism", "Biotin metabolism", "Nitrogen metabolism", "Propanoate metabolism", "D-Amino acid metabolism", "Tryptophan metabolism", "Lipoic acid metabolism", "Metabolism of xenobiotics by cytochrome P450", "Arginine and proline metabolism", "Pentose phosphate pathway", "Glycerophospholipid metabolism", "Glycerolipid metabolism", "Primary bile acid biosynthesis", "Glyoxylate and dicarboxylate metabolism", "Glycine, serine and threonine metabolism", "Purine metabolism", "Alanine, aspartate and glutamate metabolism", "Pantothenate and CoA biosynthesis", "Ascorbate and aldarate metabolism", "Drug metabolism - other enzymes", "Histidine metabolism", "Arginine biosynthesis", "Pyrimidine metabolism", "One carbon pool by folate", "Cysteine and methionine metabolism", "Glutathione metabolism", "Drug metabolism - cytochrome P450" ] 
}
