{
 "pval": [    3.057, 3.036869, 2.021641, 1.546789, 1.225527, 1.179838,  1.13473, 1.114995, 1.072933, 1.046883, 1.041627, 0.8333035, 0.6884368, 0.5747267, 0.5669346, 0.5320517, 0.5012898, 0.4731698, 0.4503715, 0.4136828, 0.4135815, 0.4023706, 0.3833355, 0.3448327, 0.3308319, 0.3184603, 0.3184603, 0.3184603, 0.2523629, 0.2310069, 0.2310069, 0.2086884, 0.2038977, 0.1689241, 0.1537928, 0.1451112, 0.1413906, 0.1182731, 0.09093095, 0.06286341, 0.06075539, 0.03689247, 0.03637742, 0.02974613, 0.0241961, 0.01656317, 0.01571128, 0.01439392, 0.01190948, 0.01155253, 0.007826601, 0.004246378, 0.00255682, 0.001893302, 3.474495e-05 ],
"enr": [ 2.313044, 2.224058,  1.86535, 1.747474, 1.831598, 1.906335, 1.419648, 2.224076, 1.533836, 1.617501, 1.308301, 1.390047, 1.143825, 1.297377, 1.180102, 1.213134, 1.308284, 1.186169, 1.213126, 1.153213,  1.33446, 1.065029, 1.170549, 1.213151, 1.073686,  1.27089,  1.27089,  1.27089, 0.9884719, 0.9884842, 0.9884842, 0.9435488, 0.9884842, 0.8896269, 0.8896078, 0.8472602, 0.8340284, 0.7849704, 0.8006405, 0.5560189, 0.6950236, 0.4448201, 0.6509428, 0.6486887, 0.4682196, 0.5233068, 0.4236301, 0.5424523, 0.5930758, 0.494236, 0.2780095, 0.4633491, 0.4043753, 0.4523522, 0.1202198 ],
"pathnames": [ "Arachidonic acid metabolism", "Fructose and mannose metabolism", "Biosynthesis of unsaturated fatty acids", "Porphyrin metabolism", "Galactose metabolism", "Linoleic acid metabolism", "Steroid hormone biosynthesis", "Nitrogen metabolism", "Glutathione metabolism", "Glycerophospholipid metabolism", "Tryptophan metabolism", "Arginine biosynthesis", "Tyrosine metabolism", "Glyoxylate and dicarboxylate metabolism", "D-Amino acid metabolism", "Valine, leucine and isoleucine degradation", "Inositol phosphate metabolism", "Phenylalanine metabolism", "Vitamin B6 metabolism", "Butanoate metabolism", "Starch and sucrose metabolism", "Arginine and proline metabolism", "Ubiquinone and other terpenoid-quinone biosynthesis", "Glycerolipid metabolism", "Valine, leucine and isoleucine biosynthesis", "Steroid biosynthesis", "Phosphonate and phosphinate metabolism", "alpha-Linolenic acid metabolism", "Amino sugar and nucleotide sugar metabolism", "Phenylalanine, tyrosine and tryptophan biosynthesis", "Drug metabolism - other enzymes", "Lysine degradation", "Retinol metabolism", "Terpenoid backbone biosynthesis", "Histidine metabolism", "Glycolysis or Gluconeogenesis", "Citrate cycle (TCA cycle)", "Ascorbate and aldarate metabolism", "Alanine, aspartate and glutamate metabolism", "Biotin metabolism", "Pentose phosphate pathway", "Lipoic acid metabolism", "Metabolism of xenobiotics by cytochrome P450", "Drug metabolism - cytochrome P450", "Propanoate metabolism", "Primary bile acid biosynthesis", "Nicotinate and nicotinamide metabolism", "Pantothenate and CoA biosynthesis", "Purine metabolism", "One carbon pool by folate", "Fatty acid biosynthesis", "Glycine, serine and threonine metabolism", "Cysteine and methionine metabolism", "Pyrimidine metabolism", "beta-Alanine metabolism" ] 
}
