{
 "pval": [ 1.928376, 1.814855, 1.669282, 1.325754, 1.203974, 1.195465, 1.190723, 1.102714, 1.088235, 0.9952918, 0.9278972, 0.8256494, 0.7686069, 0.6810189, 0.6810189, 0.6774913, 0.6774913, 0.5547072, 0.4691986, 0.4523976, 0.4327618, 0.389638, 0.388893, 0.317539, 0.3134978, 0.2842306, 0.2810335, 0.2772427, 0.2595741, 0.2460035, 0.2358837, 0.2272823, 0.2207716, 0.1865791, 0.1776946, 0.1586593, 0.1404294, 0.1355661, 0.1240884, 0.1240884, 0.07561732, 0.06457839, 0.05599136, 0.04860419, 0.04860419, 0.04644809, 0.04035769, 0.03673175, 0.03604226, 0.03447846, 0.0278342, 0.0242512, 0.02285737, 0.02161403, 0.02037879, 0.001487833 ],
"enr": [ 1.959184, 2.285714, 2.526316, 2.352941, 1.529412,        3, 1.866667, 1.371429, 2.285714, 2.133333, 1.714286, 1.352113, 1.777778, 2.285714, 2.285714, 1.454545, 1.454545,  1.37931, 1.333333,      1.6,     1.28, 1.176471,        2,      1.6, 1.103448, 1.090909, 1.018182, 1.021277,        1,        1, 0.9756098,     0.96, 1.142857,        1, 0.8888889, 0.8888889, 0.8333333,      0.8, 0.7619048, 0.7619048, 0.6666667, 0.5333333,      0.5, 0.4705882, 0.4705882, 0.5853659, 0.516129, 0.4210526,      0.5, 0.5454545, 0.3809524, 0.3636364, 0.4444444, 0.5333333, 0.4324324, 0.2711864 ],
"pathnames": [ "D-Amino acid metabolism", "Porphyrin metabolism", "Ubiquinone and other terpenoid-quinone biosynthesis", "Galactose metabolism", "Tryptophan metabolism", "Nitrogen metabolism", "Phenylalanine metabolism", "Tyrosine metabolism", "Linoleic acid metabolism", "Terpenoid backbone biosynthesis", "Fructose and mannose metabolism", "Arginine and proline metabolism", "Phenylalanine, tyrosine and tryptophan biosynthesis", "Phosphonate and phosphinate metabolism", "alpha-Linolenic acid metabolism", "Valine, leucine and isoleucine degradation", "Lysine degradation", "Valine, leucine and isoleucine biosynthesis", "Glyoxylate and dicarboxylate metabolism", "Starch and sucrose metabolism", "Arachidonic acid metabolism", "Primary bile acid biosynthesis", "Fatty acid elongation", "Fatty acid degradation", "Glutathione metabolism", "Vitamin B6 metabolism", "Histidine metabolism", "Steroid hormone biosynthesis", "Drug metabolism - cytochrome P450", "Arginine biosynthesis", "Pantothenate and CoA biosynthesis", "Alanine, aspartate and glutamate metabolism", "Steroid biosynthesis", "Biotin metabolism", "Butanoate metabolism", "Caffeine metabolism", "Glycine, serine and threonine metabolism", "Taurine and hypotaurine metabolism", "Pentose and glucuronate interconversions", "Nicotinate and nicotinamide metabolism", "Amino sugar and nucleotide sugar metabolism", "Sphingolipid metabolism", "Fatty acid biosynthesis", "Ascorbate and aldarate metabolism", "Inositol phosphate metabolism", "Metabolism of xenobiotics by cytochrome P450", "Biosynthesis of unsaturated fatty acids", "Propanoate metabolism", "Pentose phosphate pathway", "Cysteine and methionine metabolism", "Glycolysis or Gluconeogenesis", "Glycerophospholipid metabolism", "One carbon pool by folate", "Purine metabolism", "beta-Alanine metabolism", "Pyrimidine metabolism" ] 
}
