{
 "pval": [ 2.544135, 1.900665, 1.255199, 1.210991, 1.204767, 1.075524, 1.052664, 1.025033, 0.8136936, 0.6400697, 0.5990305, 0.5966735, 0.5803912, 0.5747104, 0.5747104, 0.4901257, 0.4856781, 0.4328207, 0.4207081, 0.4061714, 0.3629107, 0.3585755, 0.3503147, 0.3340815, 0.2782223, 0.2669071, 0.2554645, 0.1777861, 0.1581964, 0.1543625, 0.147075, 0.1386448, 0.1382386, 0.113171, 0.1059444, 0.1057449, 0.1046438, 0.104478, 0.1023674, 0.09035306, 0.08127262, 0.07298399, 0.07298399, 0.07199355, 0.06421572, 0.06421572, 0.06036595, 0.04366826, 0.03701542, 0.03140966, 0.02230382, 0.01639175, 0.01639175, 0.0139497, 0.009403664, 0.0003997348 ],
"enr": [ 2.875009, 2.194747, 1.911837, 1.365587, 1.598047, 2.008274, 1.655287, 1.707026, 1.393476, 1.412695, 1.327669, 1.517336,  1.20494, 1.950839, 1.950839, 1.707067, 1.463129, 1.365623, 1.517336, 1.241465, 1.365561, 1.137993, 1.057896, 1.707009, 1.034554, 1.365598, 1.004117, 0.9754194, 0.8535093, 0.8690255, 0.8535336, 0.8326811, 0.8033096, 0.7586678, 0.7187522, 0.7759156, 0.7586678, 0.7966042, 0.6827803, 0.7063477, 0.6502796, 0.7112477, 0.7112477, 0.6607784, 0.6401229, 0.6401229, 0.6827989, 0.4552076, 0.4267486, 0.4016548, 0.4996086, 0.3251398, 0.3251398, 0.3103662, 0.3690854, 0.2314574 ],
"pathnames": [ "Ubiquinone and other terpenoid-quinone biosynthesis", "Fructose and mannose metabolism", "Arachidonic acid metabolism", "Tyrosine metabolism", "Steroid hormone biosynthesis", "Galactose metabolism", "Valine, leucine and isoleucine degradation", "Porphyrin metabolism", "D-Amino acid metabolism", "Valine, leucine and isoleucine biosynthesis", "Amino sugar and nucleotide sugar metabolism", "Phenylalanine, tyrosine and tryptophan biosynthesis", "Tryptophan metabolism", "Phosphonate and phosphinate metabolism", "alpha-Linolenic acid metabolism", "Nitrogen metabolism", "Linoleic acid metabolism", "Terpenoid backbone biosynthesis", "Retinol metabolism", "Vitamin B6 metabolism", "Starch and sucrose metabolism", "Phenylalanine metabolism", "Arginine and proline metabolism", "Fatty acid elongation", "Lysine degradation", "Fatty acid degradation", "Primary bile acid biosynthesis", "Steroid biosynthesis", "Glyoxylate and dicarboxylate metabolism", "Histidine metabolism", "Biotin metabolism", "Pantothenate and CoA biosynthesis", "Ascorbate and aldarate metabolism", "Butanoate metabolism", "Propanoate metabolism", "Cysteine and methionine metabolism", "One carbon pool by folate", "Purine metabolism", "Taurine and hypotaurine metabolism", "Glutathione metabolism", "Nicotinate and nicotinamide metabolism", "Glycine, serine and threonine metabolism", "Drug metabolism - cytochrome P450", "Biosynthesis of unsaturated fatty acids", "Pentose phosphate pathway", "Arginine biosynthesis", "Alanine, aspartate and glutamate metabolism", "Sphingolipid metabolism", "Fatty acid biosynthesis", "Inositol phosphate metabolism", "Metabolism of xenobiotics by cytochrome P450", "Glycolysis or Gluconeogenesis", "Pentose and glucuronate interconversions", "Glycerophospholipid metabolism", "beta-Alanine metabolism", "Pyrimidine metabolism" ] 
}
