{
 "pval": [ 2.176917, 2.118832, 1.884789,  1.76485, 1.589915, 1.549181,  1.34282, 1.186132,  1.13258, 1.130592,  1.08497, 1.063165,   1.0473, 1.030235, 0.929445, 0.8901516, 0.8901516, 0.8848223, 0.8341327, 0.7674104, 0.7477782, 0.7373828, 0.7275086, 0.6316387, 0.544546, 0.5246194, 0.5246194, 0.4919553, 0.4206852, 0.3664003, 0.3484894, 0.3408542, 0.3072941, 0.3026573, 0.2767743, 0.2665299, 0.262235, 0.227715, 0.2273043, 0.2147983, 0.2037657, 0.1580464, 0.1573408, 0.1481365,  0.14553,  0.14553, 0.134902, 0.117914, 0.1107543, 0.08339342, 0.05400979, 0.0374318, 0.03370336, 0.0301137, 0.024959, 0.01884761, 0.01006543, 0.004110445, 0.002692268 ],
"enr": [ 1.873174, 1.699919, 2.157911, 2.074928, 1.873185,   1.9267, 2.115581,  2.39765,  1.31301, 1.410437, 1.748295, 1.653576, 2.179718, 1.798238, 1.613833, 2.247865, 2.247865, 1.762984, 1.373661, 1.998002, 1.410388, 1.446879, 1.577436,  1.35352, 1.362324, 1.410388, 1.410388, 1.712622, 1.261949, 1.123911, 1.332001, 1.198849, 1.057791, 1.089859, 1.033485, 0.9990259, 0.9990295,  1.19884, 0.9668001, 0.9990509, 0.9324258, 0.856311, 0.856311, 0.856311, 0.856311, 0.856311, 0.7992327, 0.7492882, 0.7734401, 0.7628929, 0.570874, 0.5619556, 0.5847953, 0.3996164, 0.3746301, 0.4860189, 0.5079804, 0.4206453, 0.2997108 ],
"pathnames": [ "D-Amino acid metabolism", "Tryptophan metabolism", "Arachidonic acid metabolism", "Porphyrin metabolism", "Valine, leucine and isoleucine degradation", "Fructose and mannose metabolism", "Galactose metabolism", "Starch and sucrose metabolism", "Tyrosine metabolism", "Arginine and proline metabolism", "Glyoxylate and dicarboxylate metabolism", "Phenylalanine metabolism", "Glycerolipid metabolism", "Glycolysis or Gluconeogenesis", "Butanoate metabolism", "Retinol metabolism", "Nitrogen metabolism", "Ascorbate and aldarate metabolism", "Alanine, aspartate and glutamate metabolism", "Taurine and hypotaurine metabolism", "Primary bile acid biosynthesis", "Valine, leucine and isoleucine biosynthesis", "Propanoate metabolism", "Lysine degradation", "Glycerophospholipid metabolism", "Phenylalanine, tyrosine and tryptophan biosynthesis", "Inositol phosphate metabolism", "alpha-Linolenic acid metabolism", "Ubiquinone and other terpenoid-quinone biosynthesis", "Arginine biosynthesis", "Pyruvate metabolism", "Citrate cycle (TCA cycle)", "Amino sugar and nucleotide sugar metabolism", "Vitamin B6 metabolism", "Glutathione metabolism", "Glycine, serine and threonine metabolism", "Steroid hormone biosynthesis", "Riboflavin metabolism", "Biosynthesis of unsaturated fatty acids", "Terpenoid backbone biosynthesis", "Drug metabolism - cytochrome P450", "Nicotinate and nicotinamide metabolism", "Linoleic acid metabolism", "Cysteine and methionine metabolism", "Steroid biosynthesis", "Phosphonate and phosphinate metabolism", "Drug metabolism - other enzymes", "Selenocompound metabolism", "One carbon pool by folate", "Histidine metabolism", "Pentose and glucuronate interconversions", "Pentose phosphate pathway", "Pantothenate and CoA biosynthesis", "Sphingolipid metabolism", "Fatty acid biosynthesis", "beta-Alanine metabolism", "Purine metabolism", "Pyrimidine metabolism", "Metabolism of xenobiotics by cytochrome P450" ] 
}
