{
 "pval": [ 4.096205, 3.418984, 2.511252, 2.502891, 2.361541, 2.046453, 1.779108, 1.569602, 1.301039, 1.290238, 1.209272, 1.163309, 0.9904641, 0.9856055, 0.9753502, 0.9581732, 0.9268317, 0.9268317, 0.8116622, 0.7708303, 0.716744, 0.6054433, 0.5582577, 0.5056784, 0.5056784, 0.5056784, 0.4551757, 0.4342938, 0.4091359, 0.4091359, 0.3801244, 0.3796973, 0.3215545, 0.3117493, 0.302544, 0.3017863, 0.2750854, 0.2535526, 0.2264256, 0.2264256, 0.2195315, 0.2061817, 0.2059444, 0.1725273, 0.1706769, 0.1704904, 0.1575343, 0.1575343, 0.1384178, 0.1266794, 0.1219495,   0.1178, 0.1172194, 0.1162932, 0.1076772, 0.1076772, 0.1076772, 0.08440496, 0.08440496, 0.07929244, 0.05937894, 0.0534937, 0.05265452, 0.05265452, 0.04857019, 0.04538609, 0.04281428, 0.0390348, 0.03728034, 0.01974204, 0.01890658, 0.0151128, 0.01420989, 0.01052348, 0.009665586, 0.006189159, 0.0004214701 ],
"enr": [  3.57833, 2.683723,  2.07671, 2.752546, 2.293788, 5.367494, 4.472872, 3.833915,  1.98794, 1.841766, 1.610248,  1.57867, 8.946144, 1.987973, 1.321541,  1.39778, 2.981915, 2.981915,  1.49098, 1.450677, 1.789122, 1.578698, 2.981959, 1.626545, 1.626545, 1.626545, 2.236436, 1.146894, 1.376273, 1.376273, 1.118224, 1.789165, 1.490957, 1.022364, 1.118193, 0.9759113, 0.9254261, 0.9584665, 0.9416639, 0.9416639, 0.8857396, 0.993937, 0.8945744, 0.8132506, 0.8132395, 0.8239559, 0.8132726, 0.8132726, 0.7454898, 0.7253385, 0.6881365, 0.6881365, 0.7062479, 0.7835967, 0.6389776, 0.6389776, 0.6389776, 0.5590965, 0.5590965, 0.6241288, 0.6822834, 0.6314659, 0.4472872, 0.4472872, 0.5771506, 0.5367494, 0.483559, 0.470832, 0.3889537, 0.4835531, 0.3084706, 0.2885753, 0.4193341, 0.4363811, 0.2555911, 0.2293788, 0.141997 ],
"pathnames": [ "Fructose and mannose metabolism", "De novo fatty acid biosynthesis", "Butanoate metabolism", "Hexose phosphorylation", "Fatty acid activation", "Polyunsaturated fatty acid biosynthesis", "Benzoate degradation via CoA ligation", "Di-unsaturated fatty acid beta-oxidation", "Fatty Acid Metabolism", "Arachidonic acid metabolism", "Valine, leucine and isoleucine degradation", "C21-steroid hormone biosynthesis and metabolism", "Fatty acid oxidation", "N-Glycan Degradation", "Glycerophospholipid metabolism", "Linoleate metabolism", "Prostaglandin formation from dihomo gama-linoleic acid", "Omega-6 fatty acid metabolism", "Androgen and estrogen biosynthesis and metabolism", "Galactose metabolism", "Keratan sulfate degradation", "Biopterin metabolism", "3-oxo-10R-octadecatrienoate beta-oxidation", "Vitamin D3 (cholecalciferol) metabolism", "Putative anti-Inflammatory metabolites formation from EPA", "Phytanic acid peroxisomal oxidation", "Mono-unsaturated fatty acid beta-oxidation", "Carnitine shuttle", "N-Glycan biosynthesis", "Omega-3 fatty acid metabolism", "Leukotriene metabolism", "Fatty acid oxidation, peroxisome", "Lipoate metabolism", "Porphyrin metabolism", "Ubiquinone Biosynthesis", "Lysine metabolism", "Urea cycle/amino group metabolism", "Glycolysis and Gluconeogenesis", "Squalene and cholesterol biosynthesis", "Starch and Sucrose Metabolism", "Tyrosine metabolism", "Vitamin H (biotin) metabolism", "Propanoate metabolism", "Aminosugars metabolism", "Vitamin B6 (pyridoxine) metabolism", "Arginine and Proline Metabolism", "Vitamin B1 (thiamin) metabolism", "Glycosphingolipid biosynthesis - globoseries", "CoA Catabolism", "Glutamate metabolism", "Vitamin B5 - CoA biosynthesis from pantothenate", "Vitamin A (retinol) metabolism", "Pentose phosphate pathway", "Aspartate and asparagine metabolism", "Pyruvate Metabolism", "Alkaloid biosynthesis II", "Glyoxylate and Dicarboxylate Metabolism", "TCA cycle", "Nitrogen metabolism", "Prostaglandin formation from arachidonate", "Tryptophan metabolism", "Pyrimidine metabolism", "Phosphatidylinositol phosphate metabolism", "Carbon fixation", "Methionine and cysteine metabolism", "Drug metabolism - cytochrome P450", "Alanine and Aspartate Metabolism", "Bile acid biosynthesis", "Selenoamino acid metabolism", "Purine metabolism", "Sialic acid metabolism", "Beta-Alanine metabolism", "Histidine metabolism", "Glycine, serine, alanine and threonine metabolism", "Vitamin B3 (nicotinate and nicotinamide) metabolism", "Glycosphingolipid metabolism", "Xenobiotics metabolism" ] 
}
