{
 "pval": [ 2.762381, 2.134683, 1.986615, 1.892858, 1.861476, 1.536914, 1.282196, 1.261592, 1.075416,  1.04682,  1.04682,  1.04682, 1.017141, 0.9604273, 0.8830935, 0.8398918, 0.8394714, 0.8394714, 0.8276306, 0.8076835, 0.7707022, 0.7309777, 0.7150507, 0.6611453, 0.6381778, 0.6265914, 0.6108516, 0.5784454, 0.4638963, 0.445632, 0.4365545, 0.403238, 0.3760275, 0.3735057, 0.3299398, 0.3263249, 0.3263249, 0.3240842, 0.3129796, 0.2954977, 0.2659446, 0.2402793, 0.2351442, 0.229612, 0.2063633, 0.2063633, 0.1976094, 0.1952202, 0.1875546, 0.1825536, 0.1825536, 0.181992, 0.1772698, 0.1586593, 0.1522546, 0.1447777, 0.1403514, 0.1403514, 0.1307331, 0.1268364, 0.1268364, 0.1121971, 0.1094281, 0.1094281, 0.1054126, 0.1009295, 0.09521415, 0.08701315, 0.07336949, 0.07062706, 0.05862275, 0.0572679, 0.05338564, 0.05338564, 0.04292453, 0.04259387, 0.03550466, 0.0316198, 0.02617045, 0.02193367, 0.02193367, 0.01900185, 0.005872095, 0.005102416, 0.004720283, 0.0008215932 ],
"enr": [ 1.897758, 1.814046, 1.703122, 1.897749, 1.525036, 2.711129,  2.84657, 1.434356, 1.166017, 2.372292, 2.372292, 2.372292, 1.302447, 1.459827, 1.405753, 1.056933, 1.725253, 1.725253, 1.233514, 1.104294, 2.372198, 1.581465, 4.744508, 1.219992, 1.459801, 1.078283, 1.186099, 1.186099, 1.037806,  1.29394, 1.035107, 0.9696634, 1.116321, 1.054315, 1.054324, 1.094851, 1.094851, 1.581478, 0.9732123, 0.936388, 1.054296, 0.9488866, 0.9123921, 0.8975855, 0.8895742, 0.8895742, 0.8626143, 0.8626267, 0.853971, 0.8626267, 0.8626267, 0.9488566, 0.8372405, 0.8133277, 0.790743, 0.8154188, 0.7907639, 0.7907639, 0.7491198, 0.769359, 0.769359, 0.7116594, 0.6777823, 0.6777823, 0.6777823, 0.7299092, 0.7530688, 0.6777708, 0.5930495, 0.6188374, 0.6887052, 0.6121824, 0.6242665, 0.6242665, 0.4313133, 0.4994132, 0.4744396, 0.6411489, 0.6364268, 0.3388911, 0.3388911, 0.6139763, 0.2372198, 0.3649546, 0.2259223, 0.1635992 ],
"pathnames": [ "De novo fatty acid biosynthesis", "Arachidonic acid metabolism", "Fatty acid activation", "Fructose and mannose metabolism", "Butanoate metabolism", "Di-unsaturated fatty acid beta-oxidation", "Polyunsaturated fatty acid biosynthesis", "Prostaglandin formation from arachidonate", "Tryptophan metabolism", "Benzoate degradation via CoA ligation", "Prostaglandin formation from dihomo gama-linoleic acid", "Omega-6 fatty acid metabolism", "C21-steroid hormone biosynthesis and metabolism", "Hexose phosphorylation", "Fatty Acid Metabolism", "Tyrosine metabolism", "Putative anti-Inflammatory metabolites formation from EPA", "Phytanic acid peroxisomal oxidation", "Valine, leucine and isoleucine degradation", "Urea cycle/amino group metabolism", "Mono-unsaturated fatty acid beta-oxidation", "CoA Catabolism", "Fatty acid oxidation", "Porphyrin metabolism", "Vitamin B5 - CoA biosynthesis from pantothenate", "Glycerophospholipid metabolism", "Androgen and estrogen biosynthesis and metabolism", "Leukotriene metabolism", "Linoleate metabolism", "D4&E4-neuroprostanes formation", "Lysine metabolism", "Aspartate and asparagine metabolism", "Vitamin E metabolism", "Glutathione Metabolism", "N-Glycan Degradation", "N-Glycan biosynthesis", "Omega-3 fatty acid metabolism", "3-oxo-10R-octadecatrienoate beta-oxidation", "Carnitine shuttle", "Arginine and Proline Metabolism", "Vitamin H (biotin) metabolism", "Keratan sulfate degradation", "Vitamin A (retinol) metabolism", "Glutamate metabolism", "Ubiquinone Biosynthesis", "Nitrogen metabolism", "Aminosugars metabolism", "Vitamin B6 (pyridoxine) metabolism", "Drug metabolism - cytochrome P450", "Vitamin D3 (cholecalciferol) metabolism", "Vitamin B1 (thiamin) metabolism", "Fatty acid oxidation, peroxisome", "Biopterin metabolism", "Vitamin B3 (nicotinate and nicotinamide) metabolism", "Vitamin B9 (folate) metabolism", "Histidine metabolism", "C5-Branched dibasic acid metabolism", "Lipoate metabolism", "Squalene and cholesterol biosynthesis", "Galactose metabolism", "Alanine and Aspartate Metabolism", "Propanoate metabolism", "Vitamin B2 (riboflavin) metabolism", "Parathio degradation", "Alkaloid biosynthesis II", "Ascorbate (Vitamin C) and Aldarate Metabolism", "Xenobiotics metabolism", "Glycolysis and Gluconeogenesis", "TCA cycle", "Selenoamino acid metabolism", "Methionine and cysteine metabolism", "Beta-Alanine metabolism", "Bile acid biosynthesis", "Pentose phosphate pathway", "Glycosphingolipid biosynthesis - globoseries", "Starch and Sucrose Metabolism", "Phosphatidylinositol phosphate metabolism", "Purine metabolism", "Glycine, serine, alanine and threonine metabolism", "Pyruvate Metabolism", "Glyoxylate and Dicarboxylate Metabolism", "Pyrimidine metabolism", "Carbon fixation", "Glycosphingolipid metabolism", "Drug metabolism - other enzymes", "Sialic acid metabolism" ] 
}
