{
 "pval": [       -0,       -0,       -0,       -0,       -0,       -0,       -0,       -0,       -0,       -0,       -0,       -0,       -0,       -0,       -0,       -0,       -0,       -0,       -0,       -0,       -0,       -0,       -0,       -0,       -0,       -0,       -0,       -0,       -0,       -0,       -0,       -0,       -0,       -0,       -0,       -0,       -0,       -0,       -0,       -0,       -0,       -0,       -0,       -0,       -0,       -0,       -0,       -0,       -0,       -0,       -0,       -0,       -0,       -0,       -0,       -0,       -0,       -0,       -0,       -0,       -0,       -0,       -0,       -0,       -0,       -0,       -0,       -0,       -0,       -0,       -0,       -0,       -0,       -0,       -0,       -0,       -0,       -0,       -0,       -0,       -0,       -0,       -0,       -0,       -0,       -0,       -0,       -0,       -0,       -0,       -0,       -0,       -0,       -0,       -0,       -0,       -0,       -0,       -0,       -0,       -0,       -0,       -0,       -0,       -0,       -0,       -0 ],
"enr": [ 0.9143807, 0.9144111, 0.9143983, 0.9144051, 0.9144111, 0.9144111, 0.914435, 0.9144227, 0.9143983, 0.9144111, 0.9143807, 0.9144033, 0.9143983, 0.9144111, 0.9144287, 0.9144156, 0.9144111, 0.9143983, 0.9144111, 0.914435, 0.9143807, 0.9143807, 0.9144033, 0.9143983, 0.9144111, 0.9144111, 0.9144067, 0.9144111, 0.9144111, 0.9144111, 0.9144111, 0.9144111, 0.914421, 0.914421, 0.9144018, 0.9144132, 0.9144111, 0.9144111, 0.9144111, 0.9144018, 0.9143743, 0.914435, 0.9143938, 0.9144111, 0.9143983, 0.9144111, 0.9144173, 0.9144111, 0.9144111, 0.9144085, 0.9144111, 0.9144251, 0.9143983, 0.9144051, 0.9144111, 0.9144111, 0.9144111, 0.9143983, 0.9143807, 0.9144111, 0.914435, 0.9144111, 0.9144111, 0.9144043, 0.9144156, 0.9144173, 0.9144111, 0.9143902, 0.914421, 0.9144111, 0.9143983, 0.9144111, 0.9144067, 0.9144111, 0.9144111, 0.9144092, 0.9144156, 0.9144111, 0.9144111, 0.9144111, 0.9144072, 0.9144187, 0.9144251, 0.9144018, 0.9144163, 0.9144111, 0.9143983, 0.9144111, 0.9144111, 0.9143902, 0.9144111, 0.9144111, 0.9144307, 0.9143902, 0.9143952, 0.9144061, 0.9143995, 0.9144003, 0.9144111, 0.9144046, 0.9144287, 0.9144111, 0.9143807, 0.9144067, 0.9144138, 0.9144111, 0.9144038 ],
"pathnames": [ "Vitamin D3 (cholecalciferol) metabolism", "Hyaluronan Metabolism", "N-Glycan biosynthesis", "Glycolysis and Gluconeogenesis", "Glycosphingolipid biosynthesis - ganglioseries", "C5-Branched dibasic acid metabolism", "Pyruvate Metabolism", "Sialic acid metabolism", "Chondroitin sulfate degradation", "Di-unsaturated fatty acid beta-oxidation", "Putative anti-Inflammatory metabolites formation from EPA", "Linoleate metabolism", "Hexose phosphorylation", "Vitamin B2 (riboflavin) metabolism", "Squalene and cholesterol biosynthesis", "Galactose metabolism", "Keratan sulfate degradation", "Carnitine shuttle", "3-oxo-10R-octadecatrienoate beta-oxidation", "Alkaloid biosynthesis II", "Vitamin B1 (thiamin) metabolism", "Glycosphingolipid biosynthesis - globoseries", "Histidine metabolism", "Vitamin B5 - CoA biosynthesis from pantothenate", "Glycosylphosphatidylinositol(GPI)-anchor biosynthesis", "Glycosphingolipid biosynthesis - lactoseries", "Bile acid biosynthesis", "Parathio degradation", "Propanoate metabolism", "Blood Group Biosynthesis", "Electron transport chain", "Vitamin H (biotin) metabolism", "Biopterin metabolism", "Vitamin E metabolism", "Androgen and estrogen biosynthesis and metabolism", "Glycine, serine, alanine and threonine metabolism", "Caffeine metabolism", "Lipoate metabolism", "Drug metabolism - cytochrome P450", "Vitamin B9 (folate) metabolism", "Tryptophan metabolism", "Glyoxylate and Dicarboxylate Metabolism", "Urea cycle/amino group metabolism", "De novo fatty acid biosynthesis", "Vitamin A (retinol) metabolism", "Valine, leucine and isoleucine degradation", "Fatty Acid Metabolism", "Fatty acid oxidation", "Fructose and mannose metabolism", "Xenobiotics metabolism", "Saturated fatty acids beta-oxidation", "CoA Catabolism", "Omega-3 fatty acid metabolism", "Butanoate metabolism", "Mono-unsaturated fatty acid beta-oxidation", "Glycosphingolipid biosynthesis - neolactoseries", "Vitamin B3 (nicotinate and nicotinamide) metabolism", "Ascorbate (Vitamin C) and Aldarate Metabolism", "D4&E4-neuroprostanes formation", "Dynorphin metabolism", "Heparan sulfate degradation", "Fatty acid oxidation, peroxisome", "Polyunsaturated fatty acid biosynthesis", "Purine metabolism", "Alanine and Aspartate Metabolism", "Glutathione Metabolism", "Keratan sulfate biosynthesis", "TCA cycle", "Arachidonic acid metabolism", "O-Glycan biosynthesis", "Glycosphingolipid metabolism", "Limonene and pinene degradation", "Arginine and Proline Metabolism", "Proteoglycan biosynthesis", "Vitamin K metabolism", "Glycerophospholipid metabolism", "Glutamate metabolism", "Porphyrin metabolism", "Phosphatidylinositol phosphate metabolism", "Benzoate degradation via CoA ligation", "Prostaglandin formation from arachidonate", "Vitamin B6 (pyridoxine) metabolism", "Pentose and Glucuronate Interconversions", "N-Glycan Degradation", "Leukotriene metabolism", "Vitamin B12 (cyanocobalamin) metabolism", "Fatty acid activation", "Carbon fixation", "Nucleotide Sugar Metabolism", "Ubiquinone Biosynthesis", "1- and 2-Methylnaphthalene degradation", "Pyrimidine metabolism", "Aspartate and asparagine metabolism", "Nitrogen metabolism", "Drug metabolism - other enzymes", "Aminosugars metabolism", "Tyrosine metabolism", "Beta-Alanine metabolism", "Prostaglandin formation from dihomo gama-linoleic acid", "C21-steroid hormone biosynthesis and metabolism", "Starch and Sucrose Metabolism", "Omega-6 fatty acid metabolism", "Phytanic acid peroxisomal oxidation", "Pentose phosphate pathway", "Methionine and cysteine metabolism", "Lysine metabolism", "Selenoamino acid metabolism" ] 
}
