{
 "pval": [ 2.261322, 2.036056, 1.632029, 1.327856, 1.285419, 1.243159, 1.040587, 1.013914, 0.8793603, 0.7324294, 0.7208123, 0.6905189, 0.6087472, 0.6063546, 0.5756084, 0.5644901, 0.5337702, 0.4855452, 0.4662152, 0.4546805, 0.4464568, 0.4318804, 0.4251126, 0.3684751, 0.3684751, 0.3645665, 0.3236906, 0.2992357, 0.2900859, 0.261965, 0.2444224, 0.2259723, 0.2088078, 0.200494, 0.2004665, 0.1697707, 0.1692446, 0.1648868, 0.1499422, 0.138603, 0.1328037, 0.1160321, 0.1000154, 0.0936919, 0.08773542, 0.08163935, 0.07776775, 0.0545068, 0.05242415, 0.04773077, 0.03552823, 0.02677513, 0.02413182, 0.0146993, 0.01165512, 0.009243926, 0.009243926, 0.003667862, 0.002417048, 0.001527055, 0.0009608529 ],
"enr": [ 1.484988, 1.949096,  2.05165, 1.754181, 1.894965,  2.43635, 1.566225, 1.392204, 1.740281,   1.3922, 1.218201, 1.328923, 1.433158, 1.166701, 1.624256, 1.328933,  1.26331, 1.461846, 1.181265, 1.218175, 1.299376, 1.116672, 1.146526, 1.392176, 1.392176,  1.06317, 1.065903, 1.218175, 1.015156, 1.008149, 1.082837, 1.218175, 0.9431145, 0.9330776, 0.9745639, 0.9745639, 0.8859554, 0.8859358, 0.8771075, 0.8401243, 0.8121278, 0.8121168, 0.696088, 0.7613595, 0.7752024, 0.6961041, 0.6090876, 0.676764, 0.7309348, 0.4872819, 0.5129126, 0.5942336, 0.4640694, 0.3248441, 0.3045438, 0.2866315, 0.2866315, 0.2320347, 0.3565401, 0.4129501, 0.2633901 ],
"pathnames": [ "Tyrosine metabolism", "Phenylalanine metabolism", "Ubiquinone and other terpenoid-quinone biosynthesis", "Arachidonic acid metabolism", "Phenylalanine, tyrosine and tryptophan biosynthesis", "Nitrogen metabolism", "Porphyrin metabolism", "D-Amino acid metabolism", "Linoleic acid metabolism", "Fructose and mannose metabolism", "Tryptophan metabolism", "Valine, leucine and isoleucine degradation", "Galactose metabolism", "Arginine and proline metabolism", "Retinol metabolism", "Vitamin B6 metabolism", "Butanoate metabolism", "Taurine and hypotaurine metabolism", "Lysine degradation", "Glyoxylate and dicarboxylate metabolism", "Terpenoid backbone biosynthesis", "Drug metabolism - cytochrome P450", "Primary bile acid biosynthesis", "Phosphonate and phosphinate metabolism", "alpha-Linolenic acid metabolism", "Histidine metabolism", "Arginine biosynthesis", "Biotin metabolism", "Glycine, serine and threonine metabolism", "Valine, leucine and isoleucine biosynthesis", "Caffeine metabolism", "Fatty acid elongation", "Biosynthesis of unsaturated fatty acids", "Steroid hormone biosynthesis", "Starch and sucrose metabolism", "Fatty acid degradation", "Glycerophospholipid metabolism", "Glycerolipid metabolism", "Alanine, aspartate and glutamate metabolism", "Glutathione metabolism", "Drug metabolism - other enzymes", "One carbon pool by folate", "Steroid biosynthesis", "Pentose phosphate pathway", "Cysteine and methionine metabolism", "Nicotinate and nicotinamide metabolism", "Selenocompound metabolism", "Amino sugar and nucleotide sugar metabolism", "Purine metabolism", "Folate biosynthesis", "Propanoate metabolism", "Pantothenate and CoA biosynthesis", "Pentose and glucuronate interconversions", "Sphingolipid metabolism", "Fatty acid biosynthesis", "Ascorbate and aldarate metabolism", "Inositol phosphate metabolism", "Glycolysis or Gluconeogenesis", "Metabolism of xenobiotics by cytochrome P450", "Pyrimidine metabolism", "beta-Alanine metabolism" ] 
}
